店名,地址,类型,直线距离（米）,资料日期,来源
"优味堡炸鸡汉堡冷饮","长沙市望城区郭亮南路湖南信息职业技术学院西南侧约50米","小吃快餐","247","2022-07-13","https://changsha.city8.com/cater/84hmkq767eirb51e8e"
"堡先生","长沙市望城区郭亮南路湖南信息职业技术学院西南侧约50米","餐馆","250","2022-07-13","https://changsha.city8.com/cater/84hml7767ehsbf4cd6"
"小蚂蚁盖码饭","长沙市望城区郭亮南路湖南信息职业技术学院西南侧约60米","饭粥快餐","253","2022-07-13","https://changsha.city8.com/cater/84hmm1767egfbf9bde"
"陈氏酱板鸭","长沙市望城区郭亮南路23号","餐馆","266","2022-07-13","https://changsha.city8.com/cater/84hmtk767e8yb3ea1a"
"宋氏重庆鸡公煲(望城店)","喻家坡街道信息职业学院(南院)聚缘路10号","餐馆","274","2023-08-03","https://changsha.city8.com/cater/84ho96767e3gbf7484"
"名师烧烤城","湖南省长沙市望城区高塘岭街道聚缘路14号","烧烤夜宵","281","2022-07-13","https://changsha.city8.com/cater/84hoey767e38b6453a"
"猪脚烧腊饭","湖南省长沙市望城区聚缘路12号","饭粥快餐","290","2022-07-13","https://changsha.city8.com/cater/84hoav767dzub94175"
"哈卤卤肉王(望城店)","长沙市望城区聚缘路湖南信息职业技术学院西南侧约130米","小吃快餐","319","2022-12-03","https://changsha.city8.com/cater/84hmjx767dyjbd30b0"
"早餐店","湖南省长沙市望城区郭亮南路110号附近","餐馆","322","2022-07-13","https://changsha.city8.com/cater/84hmm1767dwrb85603"
"强哥土菜馆","长沙市望城区聚缘路湖南信息职业技术学院西南侧约130米","餐馆","329","2022-07-13","https://changsha.city8.com/cater/84hmii767dwcb3fea3"
"牛排爱上饭(信息学院店)","湖南省长沙市望城区郭亮南路114号","饭粥快餐","335","2022-07-13","https://changsha.city8.com/cater/84hmne767dsib389eb"
"百悦府餐馆","长沙市望城区聚缘路湖南信息职业技术学院西南侧约140米","餐馆","340","2023-04-21","https://changsha.city8.com/cater/84hmaj767dwxb5e808"
"米汤饭","湖南省长沙市望城区郭亮南路55号附近","饭粥快餐","556","2022-07-13","https://changsha.city8.com/cater/84hn2u767c3ybad9f4"
"好吃佬壹号(宣名店)","湖南省长沙市望城区郭亮南路258号附近","餐馆","710","2022-07-13","https://changsha.city8.com/cater/84hmy8767b1pb390fd"
"乡韵餐馆","长沙市望城区郭亮南路望一向阳中学西南侧约40米","餐馆","804","2022-07-13","https://changsha.city8.com/cater/84hn90767ad6b21186"
"良哥粉面馆","长沙市望城区郭亮南路望一向阳中学西南侧约60米","粉面","848","2022-07-13","https://changsha.city8.com/cater/84hnaj767a22b8f0d5"
"侯哥烧烤炒菜火锅口味虾麻辣嗦螺","湖南省长沙市望城区郭亮南路165号附近","烧烤夜宵","919","2022-07-13","https://changsha.city8.com/cater/84hn347679krb267f4"
"巧食匠(电子科技店)","聚缘路湖南电子科技信息职业学院北校区","餐馆","978","2023-07-05","https://changsha.city8.com/cater/84hg6z767ebobff3c9"